Sample ,Plant #,Sample,Day,Sample ID,content (ng/mg),Notes,,,Root,,Average,,,,,,,SEM,,,,,,,,,,,,,,,,
G96,27,Grain,60,       +M +E,5.33,1-12 =day 40,,,,,Content,,ME,M,E,Control,,Content,,ME,M,E,Control,,,,,,,,,,,
G97,28,Grain,60,       +M +E,3.29,14-25 = day 50,,,,,,40,1.61,1.73,1.18,3.09,,,40,0.101695999,0.073535029,0.106742034,0.420294458,,,,,,,,,,,
G98,29,Grain,60,       +M +E,2.56,rest day 60,,,,,,50,2.20,1.88,4.10,2.76,,,50,0.109599371,0.11885652,0.379322035,0.277685174,,,,,,,,,,,
G99,30,Grain,60,       +M +E,2.69,,,,,,,60,4.78,1.32,6.44,1.58,,,60,0.457998254,0.108174194,0.620371794,0.050286181,,,,,,,,,,,
G100,31,Grain,60,       +M +E,3.65,5.33,3.29,2.56,2.69,3.65,6.99,3.33,1.92,1.88,1.81,4.22,6.49,,,,,,,,,,,,,,,,,
G101,32,Grain,60,       +M +E,6.99,,,,Shoot,,Average,,,,,,,SEM,,,,,,,,,,,,,,,,
G102,33,Grain,60,       +M +E,3.33,,,,,,Content,,ME,M,E,Control,,Content,,ME,M,E,Control,,,,,,,,,,,
G103,34,Grain,60,       +M +E,1.92,,,,,,,40,2.11,1.43,1.52,1.36,,,40,0.193725818,0.066727243,0.069035381,0.149588655,,,,,,,,,,,
G104,35,Grain,60,       +M +E,1.88,,,,,,,50,1.04,1.31,1.41,0.64,,,50,0.07429837,0.480602244,0.142004092,0.042549178,,,,,,,,,,,
G105,36,Grain,60,       +M +E,1.81,,,,,,,60,1.52,0.74,2.43,0.62,,,60,0.316062559,0.053890114,0.273612047,0.031354281,,,,,,,,,,,
G106,37,Grain,60,       +M +E,4.22,,,,,,,,,,,,,,,,,,,,,,,,,,,,,* p> 0.1    ** p>0.05   ***p >0.01
G107,38,Grain,60,       +M +E,6.49,,,,Grain,,Average,,,,,,,SEM,,,,,,,,,,,,,,,,
G-108,27,Grain,60,       -M +E,2.10,,,,,,Content,,ME,M,E,Control,,Content,,ME,M,E,Control,,,,,,,,,,,
G-109,28,Grain,60,       -M +E,2.29,,,,,,,60,3.68,1.99,2.28,3.05,,,60,0.509251577,0.14951078,0.157005037,0.156938374,,,,,,,,,,,
G-110,29,Grain,60,       -M +E,1.99,,,ME,E,control,M,,,,,,,,,,,,,,,,,,,,,,,
G-111,30,Grain,60,       -M +E,2.64,,AVG,3.68,2.28,3.05,1.99,,,,,,,,,,,,,,,,,,,,,,,
G-112,31,Grain,60,       -M +E,1.75,,,,,,,,,,,,,,,,,,,,,,,,,,,,,
G-113,32,Grain,60,       -M +E,1.41,,,,,,,,,,,,,,,,,,,,,,,,,,,,,
G-114,33,Grain,60,       -M +E,2.78,,,,,,,,,,,,,,,,,,,,,,,,,,,,,
G-115,34,Grain,60,       -M +E,3.06,2.10,2.29,1.99,2.64,1.75,1.41,2.78,3.06,3.07,2.36,2.35,1.60,,,,,,,,,,,,,,,,,
G-116,35,Grain,60,       -M +E,3.07,,,,,,,,,,,,,,,,,,,,,,,,,,,,,
G-117,36,Grain,60,       -M +E,2.36,,,,,,,,,,,,,,,,,,,,,,,,,,,,,
G-118,37,Grain,60,       -M +E,2.35,,,,,,,,,,,,,,,,,,,,,,,,,,,,,
G-119,38,Grain,60,       -M +E,1.60,,,,,,,,,,,,,,,,,,,,,,,,,,,,,
G-120,27,Grain,60,       -M -E,1.75,1.75,3.15,2.75,2.56,3.25,3.21,2.86,3.13,3.15,3.19,3.76,3.81,,,,,,,,,,,,,,,,,
G-121,28,Grain,60,       -M -E,3.15,,,,,,,,,,,,,,,,,,,,,,,,,,,,,
G-122,29,Grain,60,       -M -E,2.75,,,,,,,,,,,,,,,,,,,,,,,,,,,,,
G-123,30,Grain,60,       -M -E,2.56,,,,,,,,,,,,,,,,,,,,,,,,,,,,,
G-124,31,Grain,60,       -M -E,3.25,,,,,,,,,,,,,,,,,,,,,,,,,,,,,
G-125,32,Grain,60,       -M -E,3.21,,,,,,,,,,,,,,,,,,,,,,,,,,,,,
G-126,33,Grain,60,       -M -E,2.86,,,,,,,,,,,,,,,,,,,,,,,,,,,,,
G-127,34,Grain,60,       -M -E,3.13,,,,,,,,,,,,,,,,,,,,,,,,,,,,,
G-128,35,Grain,60,       -M -E,3.15,,,,,,,,,,,,,,,,,,,,,,,,,,,,,
G-129,36,Grain,60,       -M -E,3.19,,,,,,,,,,,,,,,,,,,,,,,,,,,,,
G-130,37,Grain,60,       -M -E,3.76,,,,,,,,,,,,,,,,,,,,,,,,,,,,,
G-131,38,Grain,60,       -M -E,3.81,,,,,,,,,,,,,,,,,,,,,,,,,,,,,
G-132,27,Grain,60,       +M -E,0.80,0.80,1.67,1.97,2.10,1.95,2.26,2.01,2.45,2.09,1.82,2.77,,,,,,,,,,,,,,,,,,
G-133,28,Grain,60,       +M -E,1.67,,,,,,,,,,,,,,,,,,,,,,,,,,,,,
G-134,29,Grain,60,       +M -E,1.97,,,,,,,,,,,,,,,,,,,,,,,,,,,,,
G-135,30,Grain,60,       +M -E,2.10,,,,,,,,,,,,,,,,,,,,,,,,,,,,,
G-136,31,Grain,60,       +M -E,1.95,,,,,,,,,,,,,,,,,,,,,,,,,,,,,
G-137,32,Grain,60,       +M -E,2.26,,,,,,,,,,,,,,,,,,,,,,,,,,,,,
G-138,33,Grain,60,       +M -E,2.01,,,,,,,,,,,,,,,,,,,,,,,,,,,,,
G-140,35,Grain,60,       +M -E,2.45,,,,,,,,,,,,,,,,,,,,,,,,,,,,,
G-141,36,Grain,60,       +M -E,2.09,,,,,,,,,,,,,,,,,,,,,,,,,,,,,
G-142,37,Grain,60,       +M -E,1.82,,,,,,,,,,,,,,,,,,,,,,,,,,,,,
G-143,38,Grain,60,       +M -E,2.77,,,,,,,,,,,,,,,,,,,,,,,,,,,,,
R-1,1,Root,40,       +M +E,2.16,,,,,,,,,,,,,,,,,,,,,,,,,,,,,
R-2,2,Root,40,       +M +E,2.01,,,,,,,,,,,,,,,,,,,,,,,,,,,,,
R-3,3,Root,40,       +M +E,1.63,,,,,,,,,,,,,,,,,,,,,,,,,,,,,
R-4,4,Root,40,       +M +E,1.21,,,,,,,,,,,,,,,,,,,,,,,,,,,,,
R-5,5,Root,40,       +M +E,1.78,,,,,,,,,,,,,,,,,,,,,,,,,,,,,
R-6,6,Root,40,       +M +E,2.04,,,,,,,,,,,,,,,,,,,,,,,,,,,,,
R-7,7,Root,40,       +M +E,1.70,,,,,,,,,,,,,,,,,,,,,,,,,,,,,
R-8,8,Root,40,       +M +E,1.67,,,,,,,,,,,,,,,,,,,,,,,,,,,,,
R-9,9,Root,40,       +M +E,1.41,,,,,,,,,,,,,,,,,,,,,,,,,,,,,
R-10,10,Root,40,       +M +E,1.48,,,,,,,,,,,,,,,,,,,,,,,,,,,,,
R-11,11,Root,40,       +M +E,1.12,,,,,,,,,,,,,,,,,,,,,,,,,,,,,
R-12,12,Root,40,       +M +E,1.14,,,,,,,,,,,,,,,,,,,,,,,,,,,,,
R-13,14,Root,50,       +M +E,1.72,,,,,,,,,,,,,,,,,,,,,,,,,,,,,
R-14,15,Root,50,       +M +E,2.73,,,,,,,,,,,,,,,,,,,,,,,,,,,,,
R-15,16,Root,50,       +M +E,1.95,,,,,,,,,,,,,,,,,,,,,,,,,,,,,
R-16,17,Root,50,       +M +E,2.48,,,,,,,,,,,,,,,,,,,,,,,,,,,,,
R-17,18,Root,50,       +M +E,2.42,,,,,,,,,,,,,,,,,,,,,,,,,,,,,
R-18,19,Root,50,       +M +E,1.89,,,,,,,,,,,,,,,,,,,,,,,,,,,,,
R-19,20,Root,50,       +M +E,2.12,,,,,,,,,,,,,,,,,,,,,,,,,,,,,
R-20,21,Root,50,       +M +E,1.87,,,,,,,,,,,,,,,,,,,,,,,,,,,,,
R-21,22,Root,50,       +M +E,2.71,,,,,,,,,,,,,,,,,,,,,,,,,,,,,
R-22,23,Root,50,       +M +E,2.66,,,,,,,,,,,,,,,,,,,,,,,,,,,,,
R-23,24,Root,50,       +M +E,2.10,,,,,,,,,,,,,,,,,,,,,,,,,,,,,
R-24,25,Root,50,       +M +E,1.76,,,,,,,,,,,,,,,,,,,,,,,,,,,,,
R-25,27,Root,60,       +M +E,7.34,60,       +M +E,7.34,7.34,7.11,5.74,4.70,3.21,2.17,4.78,5.17,5.78,4.62,3.82,2.93,,,,,,,,,,,,,,
R-26,28,Root,60,       +M +E,7.11,60,       +M +E,7.11,,,,,,,,,,,,,,,,,,,,,,,,,,
R-27,29,Root,60,       +M +E,5.74,60,       +M +E,5.74,,,,,,,,,,,,,,,,,,,,,,,,,,
R-28,30,Root,60,       +M +E,4.70,60,       +M +E,4.70,,,,,,,,,,,,,,,,,,,,,,,,,,
R-29,31,Root,60,       +M +E,3.21,60,       +M +E,3.21,,,,,,,,,,,,,,,,,,,,,,,,,,
R-30,32,Root,60,       +M +E,2.17,60,       +M +E,2.17,,,,,,,,,,,,,,,,,,,,,,,,,,
R-31,33,Root,60,       +M +E,4.78,60,       +M +E,4.78,,,,,,,,,,,,,,,,,,,,,,,,,,
R-32,34,Root,60,       +M +E,5.17,60,       +M +E,5.17,,,,,,,,,,,,,,,,,,,,,,,,,,
R-33,35,Root,60,       +M +E,5.78,60,       +M +E,5.78,,,,,,,,,,,,,,,,,,,,,,,,,,
R-34,36,Root,60,       +M +E,4.62,60,       +M +E,4.62,,,,,,,,,,,,,,,,,,,,,,,,,,
R-35,37,Root,60,       +M +E,3.82,60,       +M +E,3.82,,,,,,,,,,,,,,,,,,,,,,,,,,
R-36,38,Root,60,       +M +E,2.93,60,       +M +E,2.93,,,,,,,,,,,,,,,,,,,,,,,,,,
R-37,1,Root,40,       -M +E,1.43,,,,,,,,,,,,,,,,,,,,,,,,,,,,,
R-38,2,Root,40,       -M +E,1.03,,,,,,,,,,,,,,,,,,,,,,,,,,,,,
R-39,3,Root,40,       -M +E,1.10,,,,,,,,,,,,,,,,,,,,,,,,,,,,,
R-40,4,Root,40,       -M +E,0.95,,,,,,,,,,,,,,,,,,,,,,,,,,,,,
R-41,5,Root,40,       -M +E,0.87,,,,,,,,,,,,,,,,,,,,,,,,,,,,,
R-42,6,Root,40,       -M +E,0.65,,,,,,,,,,,,,,,,,,,,,,,,,,,,,
R-43,7,Root,40,       -M +E,0.79,,,,,,,,,,,,,,,,,,,,,,,,,,,,,
R-44,8,Root,40,       -M +E,1.13,,,,,,,,,,,,,,,,,,,,,,,,,,,,,
R-45,9,Root,40,       -M +E,1.64,,,,,,,,,,,,,,,,,,,,,,,,,,,,,
R-46,10,Root,40,       -M +E,1.68,,,,,,,,,,,,,,,,,,,,,,,,,,,,,
R-47,11,Root,40,       -M +E,1.79,,,,,,,,,,,,,,,,,,,,,,,,,,,,,
R-48,12,Root,40,       -M +E,1.14,,,,,,,,,,,,,,,,,,,,,,,,,,,,,
R-49,14,Root,50,       -M +E,6.82,,,,,,,,,,,,,,,,,,,,,,,,,,,,,
R-50,15,Root,50,       -M +E,3.74,,,,,,,,,,,,,,,,,,,,,,,,,,,,,
R-51,16,Root,50,       -M +E,5.52,,,,,,,,,,,,,,,,,,,,,,,,,,,,,
R-52,17,Root,50,       -M +E,2.54,,,,,,,,,,,,,,,,,,,,,,,,,,,,,
R-53,18,Root,50,       -M +E,5.53,,,,,,,,,,,,,,,,,,,,,,,,,,,,,
R-54,19,Root,50,       -M +E,2.95,,,,,,,,,,,,,,,,,,,,,,,,,,,,,
R-55,20,Root,50,       -M +E,2.88,,,,,,,,,,,,,,,,,,,,,,,,,,,,,
R-56,21,Root,50,       -M +E,4.61,,,,,,,,,,,,,,,,,,,,,,,,,,,,,
R-57,22,Root,50,       -M +E,3.76,,,,,,,,,,,,,,,,,,,,,,,,,,,,,
R-58,23,Root,50,       -M +E,2.89,,,,,,,,,,,,,,,,,,,,,,,,,,,,,
R-59,24,Root,50,       -M +E,4.32,,,,,,,,,,,,,,,,,,,,,,,,,,,,,
R-60,25,Root,50,       -M +E,3.63,,,,,,,,,,,,,,,,,,,,,,,,,,,,,
R-61,27,Root,60,       -M +E,10.06,60,       -M +E,10.06,10.06,8.34,9.28,7.34,6.72,7.25,6.76,3.63,4.64,4.33,3.79,5.12,,,,,,,,,,,,,,
R-62,28,Root,60,       -M +E,8.34,60,       -M +E,8.34,,,,,,,,,,,,,,,,,,,,,,,,,,
R-63,29,Root,60,       -M +E,9.28,60,       -M +E,9.28,,,,,,,,,,,,,,,,,,,,,,,,,,
R-64,30,Root,60,       -M +E,7.34,60,       -M +E,7.34,,,,,,,,,,,,,,,,,,,,,,,,,,
R-65,31,Root,60,       -M +E,6.72,60,       -M +E,6.72,,,,,,,,,,,,,,,,,,,,,,,,,,
R-66,32,Root,60,       -M +E,7.25,60,       -M +E,7.25,,,,,,,,,,,,,,,,,,,,,,,,,,
R-67,33,Root,60,       -M +E,6.76,60,       -M +E,6.76,,,,,,,,,,,,,,,,,,,,,,,,,,
R-68,34,Root,60,       -M +E,3.63,60,       -M +E,3.63,,,,,,,,,,,,,,,,,,,,,,,,,,
R-69,35,Root,60,       -M +E,4.64,60,       -M +E,4.64,,,,,,,,,,,,,,,,,,,,,,,,,,
R-70,36,Root,60,       -M +E,4.33,60,       -M +E,4.33,,,,,,,,,,,,,,,,,,,,,,,,,,
R-71,37,Root,60,       -M +E,3.79,60,       -M +E,3.79,,,,,,,,,,,,,,,,,,,,,,,,,,
R-72,38,Root,60,       -M +E,5.12,60,       -M +E,5.12,,,,,,,,,,,,,,,,,,,,,,,,,,
R-73,1,Root,40,       +M -E,1.50,,,,,,,,,,,,,,,,,,,,,,,,,,,,,
R-74,2,Root,40,       +M -E,2.11,,,,,,,,,,,,,,,,,,,,,,,,,,,,,
R-75,3,Root,40,       +M -E,1.76,,,,,,,,,,,,,,,,,,,,,,,,,,,,,
R-76,4,Root,40,       +M -E,1.54,,,,,,,,,,,,,,,,,,,,,,,,,,,,,
R-77,5,Root,40,       +M -E,1.83,,,,,,,,,,,,,,,,,,,,,,,,,,,,,
R-78,6,Root,40,       +M -E,1.61,,,,,,,,,,,,,,,,,,,,,,,,,,,,,
R-79,8,Root,40,       +M -E,1.87,,,,,,,,,,,,,,,,,,,,,,,,,,,,,
R-80,9,Root,40,       +M -E,1.97,,,,,,,,,,,,,,,,,,,,,,,,,,,,,
R-81,10,Root,40,       +M -E,1.72,,,,,,,,,,,,,,,,,,,,,,,,,,,,,
R-82,11,Root,40,       +M -E,1.92,,,,,,,,,,,,,,,,,,,,,,,,,,,,,
R-83,12,Root,40,       +M -E,1.25,,,,,,,,,,,,,,,,,,,,,,,,,,,,,
R-84,1,Root,40,       -M -E,2.61,,,,,,,,,,,,,,,,,,,,,,,,,,,,,
R-85,2,Root,40,       -M -E,2.60,,,,,,,,,,,,,,,,,,,,,,,,,,,,,
R-86,3,Root,40,       -M -E,2.00,,,,,,,,,,,,,,,,,,,,,,,,,,,,,
R-87,4,Root,40,       -M -E,1.99,,,,,,,,,,,,,,,,,,,,,,,,,,,,,
R-88,5,Root,40,       -M -E,2.32,,,,,,,,,,,,,,,,,,,,,,,,,,,,,
R-89,6,Root,40,       -M -E,3.86,,,,,,,,,,,,,,,,,,,,,,,,,,,,,
R-90,7,Root,40,       -M -E,2.35,,,,,,,,,,,,,,,,,,,,,,,,,,,,,
R-91,8,Root,40,       -M -E,4.43,,,,,,,,,,,,,,,,,,,,,,,,,,,,,
R-92,9,Root,40,       -M -E,2.67,,,,,,,,,,,,,,,,,,,,,,,,,,,,,
R-93,10,Root,40,       -M -E,1.86,,,,,,,,,,,,,,,,,,,,,,,,,,,,,
R-94,11,Root,40,       -M -E,6.98,,,,,,,,,,,,,,,,,,,,,,,,,,,,,
R-95,12,Root,40,       -M -E,3.36,,,,,,,,,,,,,,,,,,,,,,,,,,,,,
R-96,14,Root,50,       -M -E,2.54,,,,,,,,,,,,,,,,,,,,,,,,,,,,,
R-97,15,Root,50,       -M -E,3.09,,,,,,,,,,,,,,,,,,,,,,,,,,,,,
R-98,16,Root,50,       -M -E,2.28,,,,,,,,,,,,,,,,,,,,,,,,,,,,,
R-99,17,Root,50,       -M -E,2.03,,,,,,,,,,,,,,,,,,,,,,,,,,,,,
R-100,18,Root,50,       -M -E,1.55,,,,,,,,,,,,,,,,,,,,,,,,,,,,,
R-101,19,Root,50,       -M -E,4.00,,,,,,,,,,,,,,,,,,,,,,,,,,,,,
R-102,20,Root,50,       -M -E,2.05,,,,,,,,,,,,,,,,,,,,,,,,,,,,,
R-103,21,Root,50,       -M -E,2.71,,,,,,,,,,,,,,,,,,,,,,,,,,,,,
R-104,22,Root,50,       -M -E,2.27,,,,,,,,,,,,,,,,,,,,,,,,,,,,,
R-105,23,Root,50,       -M -E,5.07,,,,,,,,,,,,,,,,,,,,,,,,,,,,,
R-106,24,Root,50,       -M -E,2.50,,,,,,,,,,,,,,,,,,,,,,,,,,,,,
R-107,25,Root,50,       -M -E,3.03,,,,,,,,,,,,,,,,,,,,,,,,,,,,,
R-108,27,Root,60,       -M -E,1.88,60,       -M -E,1.88,,1.88,1.96,1.54,1.60,1.52,1.56,1.39,1.37,1.57,1.50,1.49,1.57,,,,,,,,,,,,,
R-109,28,Root,60,       -M -E,1.96,60,       -M -E,1.96,,,,,,,,,,,,,,,,,,,,,,,,,,
R-110,29,Root,60,       -M -E,1.54,60,       -M -E,1.54,,,,,,,,,,,,,,,,,,,,,,,,,,
R-111,30,Root,60,       -M -E,1.60,60,       -M -E,1.60,,,,,,,,,,,,,,,,,,,,,,,,,,
R-112,31,Root,60,       -M -E,1.52,60,       -M -E,1.52,,,,,,,,,,,,,,,,,,,,,,,,,,
R-113,32,Root,60,       -M -E,1.56,60,       -M -E,1.56,,,,,,,,,,,,,,,,,,,,,,,,,,
R-114,33,Root,60,       -M -E,1.39,60,       -M -E,1.39,,,,,,,,,,,,,,,,,,,,,,,,,,
R-115,34,Root,60,       -M -E,1.37,60,       -M -E,1.37,,,,,,,,,,,,,,,,,,,,,,,,,,
R-116,35,Root,60,       -M -E,1.57,60,       -M -E,1.57,,,,,,,,,,,,,,,,,,,,,,,,,,
R-117,36,Root,60,       -M -E,1.50,60,       -M -E,1.50,,,,,,,,,,,,,,,,,,,,,,,,,,
R-118,37,Root,60,       -M -E,1.49,60,       -M -E,1.49,,,,,,,,,,,,,,,,,,,,,,,,,,
R-119,38,Root,60,       -M -E,1.57,60,       -M -E,1.57,,,,,,,,,,,,,,,,,,,,,,,,,,
R-120,14,Root,50,       +M -E,2.87,,,,,,,,,,,,,,,,,,,,,,,,,,,,,
R-121,15,Root,50,       +M -E,2.21,,,,,,,,,,,,,,,,,,,,,,,,,,,,,
R-122,16,Root,50,       +M -E,1.81,,,,,,,,,,,,,,,,,,,,,,,,,,,,,
R-123,17,Root,50,       +M -E,2.29,,,,,,,,,,,,,,,,,,,,,,,,,,,,,
R-124,18,Root,50,       +M -E,1.47,,,,,,,,,,,,,,,,,,,,,,,,,,,,,
R-125,19,Root,50,       +M -E,1.50,,,,,,,,,,,,,,,,,,,,,,,,,,,,,
R-126,20,Root,50,       +M -E,1.76,,,,,,,,,,,,,,,,,,,,,,,,,,,,,
R-127,21,Root,50,       +M -E,1.48,,,,,,,,,,,,,,,,,,,,,,,,,,,,,
R-128,22,Root,50,       +M -E,1.97,,,,,,,,,,,,,,,,,,,,,,,,,,,,,
R-129,23,Root,50,       +M -E,1.75,,,,,,,,,,,,,,,,,,,,,,,,,,,,,
R-130,24,Root,50,       +M -E,1.58,,,,,,,,,,,,,,,,,,,,,,,,,,,,,
R-131,25,Root,50,       +M -E,1.85,,,,,,,,,,,,,,,,,,,,,,,,,,,,,
R-133,27,Root,60,       +M -E,1.88,60,       +M -E,1.88,,1.88,1.54,1.17,1.43,1.17,1.40,1.00,1.16,2.07,0.86,1.30,0.85,,,,,,,,,,,,,
R-134,28,Root,60,       +M -E,1.54,60,       +M -E,1.54,,,,,,,,,,,,,,,,,,,,,,,,,,
R-135,29,Root,60,       +M -E,1.17,60,       +M -E,1.17,,,,,,,,,,,,,,,,,,,,,,,,,,
R-136,30,Root,60,       +M -E,1.43,60,       +M -E,1.43,,,,,,,,,,,,,,,,,,,,,,,,,,
R-137,31,Root,60,       +M -E,1.17,60,       +M -E,1.17,,,,,,,,,,,,,,,,,,,,,,,,,,
R-138,32,Root,60,       +M -E,1.40,60,       +M -E,1.40,,,,,,,,,,,,,,,,,,,,,,,,,,
R-139,33,Root,60,       +M -E,1.00,60,       +M -E,1.00,,,,,,,,,,,,,,,,,,,,,,,,,,
R-140,34,Root,60,       +M -E,1.16,60,       +M -E,1.16,,,,,,,,,,,,,,,,,,,,,,,,,,
R-141,35,Root,60,       +M -E,2.07,60,       +M -E,2.07,,,,,,,,,,,,,,,,,,,,,,,,,,
R-142,36,Root,60,       +M -E,0.86,60,       +M -E,0.86,,,,,,,,,,,,,,,,,,,,,,,,,,
R-143,37,Root,60,       +M -E,1.30,60,       +M -E,1.30,,,,,,,,,,,,,,,,,,,,,,,,,,
R-144,38,Root,60,       +M -E,0.85,60,       +M -E,0.85,,,,,,,,,,,,,,,,,,,,,,,,,,
S-1,1,Shoot,40,       +M +E,3.00,,,,,,,,,,,,,,,,,,,,,,,,,,,,,
S-2,2,Shoot,40,       +M +E,2.59,,,,,,,,,,,,,,,,,,,,,,,,,,,,,
S-3,3,Shoot,40,       +M +E,3.27,,,,,,,,,,,,,,,,,,,,,,,,,,,,,
S-4,4,Shoot,40,       +M +E,2.09,,,,,,,,,,,,,,,,,,,,,,,,,,,,,
S-5,5,Shoot,40,       +M +E,2.12,,,,,,,,,,,,,,,,,,,,,,,,,,,,,
S-6,6,Shoot,40,       +M +E,2.57,,,,,,,,,,,,,,,,,,,,,,,,,,,,,
S-7,7,Shoot,40,       +M +E,1.70,,,,,,,,,,,,,,,,,,,,,,,,,,,,,
S-8,8,Shoot,40,       +M +E,1.93,,,,,,,,,,,,,,,,,,,,,,,,,,,,,
S-9,9,Shoot,40,       +M +E,1.99,,,,,,,,,,,,,,,,,,,,,,,,,,,,,
S-10,10,Shoot,40,       +M +E,0.85,,,,,,,,,,,,,,,,,,,,,,,,,,,,,
S-11,11,Shoot,40,       +M +E,1.70,,,,,,,,,,,,,,,,,,,,,,,,,,,,,
S-12,12,Shoot,40,       +M +E,1.48,,,,,,,,,,,,,,,,,,,,,,,,,,,,,
S-13,14,Shoot,50,       +M +E,1.60,,,,,,,,,,,,,,,,,,,,,,,,,,,,,
S-14,15,Shoot,50,       +M +E,1.07,,,,,,,,,,,,,,,,,,,,,,,,,,,,,
S-15,16,Shoot,50,       +M +E,0.94,,,,,,,,,,,,,,,,,,,,,,,,,,,,,
S-16,17,Shoot,50,       +M +E,0.96,,,,,,,,,,,,,,,,,,,,,,,,,,,,,
S-17,18,Shoot,50,       +M +E,0.94,,,,,,,,,,,,,,,,,,,,,,,,,,,,,
S-18,19,Shoot,50,       +M +E,1.06,,,,,,,,,,,,,,,,,,,,,,,,,,,,,
S-19,20,Shoot,50,       +M +E,0.86,,,,,,,,,,,,,,,,,,,,,,,,,,,,,
S-20,21,Shoot,50,       +M +E,0.97,,,,,,,,,,,,,,,,,,,,,,,,,,,,,
S-21,22,Shoot,50,       +M +E,1.40,,,,,,,,,,,,,,,,,,,,,,,,,,,,,
S-22,23,Shoot,50,       +M +E,0.84,,,,,,,,,,,,,,,,,,,,,,,,,,,,,
S-23,24,Shoot,50,       +M +E,1.18,,,,,,,,,,,,,,,,,,,,,,,,,,,,,
S-24,25,Shoot,50,       +M +E,0.65,,,,,,,,,,,,,,,,,,,,,,,,,,,,,
S-25,27,Shoot,60,       +M +E,1.15,60,       +M +E,1.15,,1.15,0.68,0.57,1.60,0.86,1.32,1.46,1.31,4.49,2.69,1.34,0.71,,,,,,,,,,,,,
S-26,28,Shoot,60,       +M +E,0.68,60,       +M +E,0.68,,,,,,,,,,,,,,,,,,,,,,,,,,
S-27,29,Shoot,60,       +M +E,0.57,60,       +M +E,0.57,,,,,,,,,,,,,,,,,,,,,,,,,,
S-28,30,Shoot,60,       +M +E,1.60,60,       +M +E,1.60,,,,,,,,,,,,,,,,,,,,,,,,,,
S-29,31,Shoot,60,       +M +E,0.86,60,       +M +E,0.86,,,,,,,,,,,,,,,,,,,,,,,,,,
S-30,32,Shoot,60,       +M +E,1.32,60,       +M +E,1.32,,,,,,,,,,,,,,,,,,,,,,,,,,
S-31,33,Shoot,60,       +M +E,1.46,60,       +M +E,1.46,,,,,,,,,,,,,,,,,,,,,,,,,,
S-32,34,Shoot,60,       +M +E,1.31,60,       +M +E,1.31,,,,,,,,,,,,,,,,,,,,,,,,,,
S-33,35,Shoot,60,       +M +E,4.49,60,       +M +E,4.49,,,,,,,,,,,,,,,,,,,,,,,,,,
S-34,36,Shoot,60,       +M +E,2.69,60,       +M +E,2.69,,,,,,,,,,,,,,,,,,,,,,,,,,
S-35,37,Shoot,60,       +M +E,1.34,60,       +M +E,1.34,,,,,,,,,,,,,,,,,,,,,,,,,,
S-36,38,Shoot,60,       +M +E,0.71,60,       +M +E,0.71,,,,,,,,,,,,,,,,,,,,,,,,,,
S-37,1,Shoot,40,       -M +E,1.38,,,,,,,,,,,,,,,,,,,,,,,,,,,,,
S-38,2,Shoot,40,       -M +E,0.94,,,,,,,,,,,,,,,,,,,,,,,,,,,,,
S-39,3,Shoot,40,       -M +E,1.36,,,,,,,,,,,,,,,,,,,,,,,,,,,,,
S-40,4,Shoot,40,       -M +E,1.01,,,,,,,,,,,,,,,,,,,,,,,,,,,,,
S-41,5,Shoot,40,       -M +E,0.93,,,,,,,,,,,,,,,,,,,,,,,,,,,,,
S-42,6,Shoot,40,       -M +E,0.84,,,,,,,,,,,,,,,,,,,,,,,,,,,,,
S-43,7,Shoot,40,       -M +E,0.96,,,,,,,,,,,,,,,,,,,,,,,,,,,,,
S-44,8,Shoot,40,       -M +E,1.18,,,,,,,,,,,,,,,,,,,,,,,,,,,,,
S-45,9,Shoot,40,       -M +E,1.98,,,,,,,,,,,,,,,,,,,,,,,,,,,,,
S-46,10,Shoot,40,       -M +E,2.26,,,,,,,,,,,,,,,,,,,,,,,,,,,,,
S-47,11,Shoot,40,       -M +E,2.60,,,,,,,,,,,,,,,,,,,,,,,,,,,,,
S-48,12,Shoot,40,       -M +E,2.77,,,,,,,,,,,,,,,,,,,,,,,,,,,,,
S-49,14,Shoot,50,       -M +E,1.26,,,,,,,,,,,,,,,,,,,,,,,,,,,,,
S-50,15,Shoot,50,       -M +E,1.76,,,,,,,,,,,,,,,,,,,,,,,,,,,,,
S-51,16,Shoot,50,       -M +E,1.08,,,,,,,,,,,,,,,,,,,,,,,,,,,,,
S-52,17,Shoot,50,       -M +E,1.17,,,,,,,,,,,,,,,,,,,,,,,,,,,,,
S-53,18,Shoot,50,       -M +E,1.45,,,,,,,,,,,,,,,,,,,,,,,,,,,,,
S-54,19,Shoot,50,       -M +E,0.93,,,,,,,,,,,,,,,,,,,,,,,,,,,,,
S-55,20,Shoot,50,       -M +E,1.25,,,,,,,,,,,,,,,,,,,,,,,,,,,,,
S-56,21,Shoot,50,       -M +E,2.50,,,,,,,,,,,,,,,,,,,,,,,,,,,,,
S-57,22,Shoot,50,       -M +E,2.20,,,,,,,,,,,,,,,,,,,,,,,,,,,,,
S-58,23,Shoot,50,       -M +E,1.11,,,,,,,,,,,,,,,,,,,,,,,,,,,,,
S-59,24,Shoot,50,       -M +E,1.07,,,,,,,,,,,,,,,,,,,,,,,,,,,,,
S-60,25,Shoot,50,       -M +E,1.14,,,,,,,,,,,,,,,,,,,,,,,,,,,,,
S-61,27,Shoot,60,       -M +E,3.52,60,       -M +E,3.52,,3.52,3.83,3.32,2.28,2.14,1.74,1.14,1.26,1.90,3.72,2.45,1.82,,,,,,,,,,,,,
S-62,28,Shoot,60,       -M +E,3.83,60,       -M +E,3.83,,,,,,,,,,,,,,,,,,,,,,,,,,
S-63,29,Shoot,60,       -M +E,3.32,60,       -M +E,3.32,,,,,,,,,,,,,,,,,,,,,,,,,,
S-64,30,Shoot,60,       -M +E,2.28,60,       -M +E,2.28,,,,,,,,,,,,,,,,,,,,,,,,,,
S-65,31,Shoot,60,       -M +E,2.14,60,       -M +E,2.14,,,,,,,,,,,,,,,,,,,,,,,,,,
S-66,32,Shoot,60,       -M +E,1.74,60,       -M +E,1.74,,,,,,,,,,,,,,,,,,,,,,,,,,
S-67,33,Shoot,60,       -M +E,1.14,60,       -M +E,1.14,,,,,,,,,,,,,,,,,,,,,,,,,,
S-68,34,Shoot,60,       -M +E,1.26,60,       -M +E,1.26,,,,,,,,,,,,,,,,,,,,,,,,,,
S-69,35,Shoot,60,       -M +E,1.90,60,       -M +E,1.90,,,,,,,,,,,,,,,,,,,,,,,,,,
S-70,36,Shoot,60,       -M +E,3.72,60,       -M +E,3.72,,,,,,,,,,,,,,,,,,,,,,,,,,
S-71,37,Shoot,60,       -M +E,2.45,60,       -M +E,2.45,,,,,,,,,,,,,,,,,,,,,,,,,,
S-72,38,Shoot,60,       -M +E,1.82,60,       -M +E,1.82,,,,,,,,,,,,,,,,,,,,,,,,,,
S-73,1,Shoot,40,       +M -E,1.14,,,,,,,,,,,,,,,,,,,,,,,,,,,,,
S-74,2,Shoot,40,       +M -E,1.54,,,,,,,,,,,,,,,,,,,,,,,,,,,,,
S-75,3,Shoot,40,       +M -E,1.70,,,,,,,,,,,,,,,,,,,,,,,,,,,,,
S-76,4,Shoot,40,       +M -E,1.60,,,,,,,,,,,,,,,,,,,,,,,,,,,,,
S-77,5,Shoot,40,       +M -E,1.44,,,,,,,,,,,,,,,,,,,,,,,,,,,,,
S-78,6,Shoot,40,       +M -E,1.45,,,,,,,,,,,,,,,,,,,,,,,,,,,,,
S-79,8,Shoot,40,       +M -E,1.62,,,,,,,,,,,,,,,,,,,,,,,,,,,,,
S-80,9,Shoot,40,       +M -E,1.20,,,,,,,,,,,,,,,,,,,,,,,,,,,,,
S-81,10,Shoot,40,       +M -E,1.24,,,,,,,,,,,,,,,,,,,,,,,,,,,,,
S-82,11,Shoot,40,       +M -E,1.65,,,,,,,,,,,,,,,,,,,,,,,,,,,,,
S-83,12,Shoot,40,       +M -E,1.09,,,,,,,,,,,,,,,,,,,,,,,,,,,,,
S-84,1,Shoot,40,       -M -E,1.31,,,,,,,,,,,,,,,,,,,,,,,,,,,,,
S-85,2,Shoot,40,       -M -E,1.53,,,,,,,,,,,,,,,,,,,,,,,,,,,,,
S-86,3,Shoot,40,       -M -E,2.00,,,,,,,,,,,,,,,,,,,,,,,,,,,,,
S-87,4,Shoot,40,       -M -E,2.35,,,,,,,,,,,,,,,,,,,,,,,,,,,,,
S-88,5,Shoot,40,       -M -E,2.05,,,,,,,,,,,,,,,,,,,,,,,,,,,,,
S-89,6,Shoot,40,       -M -E,0.96,,,,,,,,,,,,,,,,,,,,,,,,,,,,,
S-90,7,Shoot,40,       -M -E,0.81,,,,,,,,,,,,,,,,,,,,,,,,,,,,,
S-91,8,Shoot,40,       -M -E,0.88,,,,,,,,,,,,,,,,,,,,,,,,,,,,,
S-92,9,Shoot,40,       -M -E,1.19,,,,,,,,,,,,,,,,,,,,,,,,,,,,,
S-93,10,Shoot,40,       -M -E,1.41,,,,,,,,,,,,,,,,,,,,,,,,,,,,,
S-94,11,Shoot,40,       -M -E,1.00,,,,,,,,,,,,,,,,,,,,,,,,,,,,,
S-95,12,Shoot,40,       -M -E,0.90,,,,,,,,,,,,,,,,,,,,,,,,,,,,,
S-96,14,Shoot,50,       -M -E,0.71,,,,,,,,,,,,,,,,,,,,,,,,,,,,,
S-97,15,Shoot,50,       -M -E,0.79,,,,,,,,,,,,,,,,,,,,,,,,,,,,,
S-98,16,Shoot,50,       -M -E,0.70,,,,,,,,,,,,,,,,,,,,,,,,,,,,,
S-99,17,Shoot,50,       -M -E,0.79,,,,,,,,,,,,,,,,,,,,,,,,,,,,,
S-100,18,Shoot,50,       -M -E,0.58,,,,,,,,,,,,,,,,,,,,,,,,,,,,,
S-101,19,Shoot,50,       -M -E,0.60,,,,,,,,,,,,,,,,,,,,,,,,,,,,,
S-102,20,Shoot,50,       -M -E,0.50,,,,,,,,,,,,,,,,,,,,,,,,,,,,,
S-103,21,Shoot,50,       -M -E,0.54,,,,,,,,,,,,,,,,,,,,,,,,,,,,,
S-104,22,Shoot,50,       -M -E,0.44,,,,,,,,,,,,,,,,,,,,,,,,,,,,,
S-105,23,Shoot,50,       -M -E,0.51,,,,,,,,,,,,,,,,,,,,,,,,,,,,,
S-106,24,Shoot,50,       -M -E,0.88,,,,,,,,,,,,,,,,,,,,,,,,,,,,,
S-107,25,Shoot,50,       -M -E,0.62,,,,,,,,,,,,,,,,,,,,,,,,,,,,,
S-108,27,Shoot,60,       -M -E,0.81,60,       -M -E,0.81,,0.81,0.76,0.63,0.79,0.66,0.57,0.58,0.55,0.45,0.46,0.57,0.64,,,,,,,,,,,,,
S-109,28,Shoot,60,       -M -E,0.76,60,       -M -E,0.76,,,,,,,,,,,,,,,,,,,,,,,,,,
S-110,29,Shoot,60,       -M -E,0.63,60,       -M -E,0.63,,,,,,,,,,,,,,,,,,,,,,,,,,
S-111,30,Shoot,60,       -M -E,0.79,60,       -M -E,0.79,,,,,,,,,,,,,,,,,,,,,,,,,,
S-112,31,Shoot,60,       -M -E,0.66,60,       -M -E,0.66,,,,,,,,,,,,,,,,,,,,,,,,,,
S-113,32,Shoot,60,       -M -E,0.57,60,       -M -E,0.57,,,,,,,,,,,,,,,,,,,,,,,,,,
S-114,33,Shoot,60,       -M -E,0.58,60,       -M -E,0.58,,,,,,,,,,,,,,,,,,,,,,,,,,
S-115,34,Shoot,60,       -M -E,0.55,60,       -M -E,0.55,,,,,,,,,,,,,,,,,,,,,,,,,,
S-116,35,Shoot,60,       -M -E,0.45,60,       -M -E,0.45,,,,,,,,,,,,,,,,,,,,,,,,,,
S-117,36,Shoot,60,       -M -E,0.46,60,       -M -E,0.46,,,,,,,,,,,,,,,,,,,,,,,,,,
S-118,37,Shoot,60,       -M -E,0.57,60,       -M -E,0.57,,,,,,,,,,,,,,,,,,,,,,,,,,
S-119,38,Shoot,60,       -M -E,0.64,60,       -M -E,0.64,,,,,,,,,,,,,,,,,,,,,,,,,,
S-120,14,Shoot,50,       +M -E,0.70,,,,,,,,,,,,,,,,,,,,,,,,,,,,,
S-121,15,Shoot,50,       +M -E,0.49,,,,,,,,,,,,,,,,,,,,,,,,,,,,,
S-122,16,Shoot,50,       +M -E,0.52,,,,,,,,,,,,,,,,,,,,,,,,,,,,,
S-123,17,Shoot,50,       +M -E,6.27,,,,,,,,,,,,,,,,,,,,,,,,,,,,,
S-124,18,Shoot,50,       +M -E,2.51,,,,,,,,,,,,,,,,,,,,,,,,,,,,,
S-125,19,Shoot,50,       +M -E,1.29,,,,,,,,,,,,,,,,,,,,,,,,,,,,,
S-126,20,Shoot,50,       +M -E,0.64,,,,,,,,,,,,,,,,,,,,,,,,,,,,,
S-127,21,Shoot,50,       +M -E,1.07,,,,,,,,,,,,,,,,,,,,,,,,,,,,,
S-128,22,Shoot,50,       +M -E,0.58,,,,,,,,,,,,,,,,,,,,,,,,,,,,,
S-129,23,Shoot,50,       +M -E,0.56,,,,,,,,,,,,,,,,,,,,,,,,,,,,,
S-130,24,Shoot,50,       +M -E,0.48,,,,,,,,,,,,,,,,,,,,,,,,,,,,,
S-131,25,Shoot,50,       +M -E,0.58,,,,,,,,,,,,,,,,,,,,,,,,,,,,,
S-133,27,Shoot,60,       +M -E,0.75,60,       +M -E,0.75,,0.75,0.53,0.67,1.05,0.68,0.78,0.78,1.15,0.59,0.63,0.58,0.73,,,,,,,,,,,,,
S-134,28,Shoot,60,       +M -E,0.53,60,       +M -E,0.53,,,,,,,,,,,,,,,,,,,,,,,,,,
S-135,29,Shoot,60,       +M -E,0.67,60,       +M -E,0.67,,,,,,,,,,,,,,,,,,,,,,,,,,
S-136,30,Shoot,60,       +M -E,1.05,60,       +M -E,1.05,,,,,,,,,,,,,,,,,,,,,,,,,,
S-137,31,Shoot,60,       +M -E,0.68,60,       +M -E,0.68,,,,,,,,,,,,,,,,,,,,,,,,,,
S-138,32,Shoot,60,       +M -E,0.78,60,       +M -E,0.78,,,,,,,,,,,,,,,,,,,,,,,,,,
S-139,33,Shoot,60,       +M -E,0.78,60,       +M -E,0.78,,,,,,,,,,,,,,,,,,,,,,,,,,
S-140,34,Shoot,60,       +M -E,1.15,60,       +M -E,1.15,,,,,,,,,,,,,,,,,,,,,,,,,,
S-141,35,Shoot,60,       +M -E,0.59,60,       +M -E,0.59,,,,,,,,,,,,,,,,,,,,,,,,,,
S-142,36,Shoot,60,       +M -E,0.63,60,       +M -E,0.63,,,,,,,,,,,,,,,,,,,,,,,,,,
S-143,37,Shoot,60,       +M -E,0.58,60,       +M -E,0.58,,,,,,,,,,,,,,,,,,,,,,,,,,
S-144,38,Shoot,60,       +M -E,0.73,60,       +M -E,0.73,,,,,,,,,,,,,,,,,,,,,,,,,,
,synthetic soil (blank),,,,1.79,,,,,,,,,,,,,,,,,,,,,,,,,,,,,
,synthetic soil (blank repeat),,,,1.78,,,,,,,,,,,,,,,,,,,,,,,,,,,,,
,,,,,,,,,,,,,,,,,,,,,,,,,,,,,,,,,,
,,,,,,,,,,,,,,,,,,,,,,,,,,,,,,,,,,
,,,,,,,,,,,,,,,,,,,,,,,,,,,,,,,,,,
,,,,,,,,,,,,,,,,,,,,,,,,,,,,,,,,,,
,,,,,,,,,,,,,,,,,,,,,,,,,,,,,,,,,,
,,,,,,,,,,,,,,,,,,,,,,,,,,,,,,,,,,
,,,,,,,,,,,,,,,,,,,,,,,,,,,,,,,,,,
,,,,,,,,,,,,,,,,,,,,,,,,,,,,,,,,,,
,,,,,,,,,,,,,,,,,,,,,,,,,,,,,,,,,,
,,,,,,,,,,,,,,,,,,,,,,,,,,,,,,,,,,
,,,,,,,,,,,,,,,,,,,,,,,,,,,,,,,,,,
,,,,,,,,,,,,,,,,,,,,,,,,,,,,,,,,,,
,,,,,,,,,,,,,,,,,,,,,,,,,,,,,,,,,,
,,,,,,,,,,,,,,,,,,,,,,,,,,,,,,,,,,
,,,,,,,,,,,,,,,,,,,,,,,,,,,,,,,,,,
,,,,,,,,,,,,,,,,,,,,,,,,,,,,,,,,,,
,,,,,,,,,,,,,,,,,,,,,,,,,,,,,,,,,,
,,,,,,,,,,,,,,,,,,,,,,,,,,,,,,,,,,
,,,,,,,,,,,,,,,,,,,,,,,,,,,,,,,,,,
,,,,,,,,,,,,,,,,,,,,,,,,,,,,,,,,,,
,,,,,,,,,,,,,,,,,,,,,,,,,,,,,,,,,,
,,,,,,,,,,,,,,,,,,,,,,,,,,,,,,,,,,
,,,,,,,,,,,,,,,,,,,,,,,,,,,,,,,,,,
,,,,,,,,,,,,,,,,,,,,,,,,,,,,,,,,,,
,,,,,,,,,,,,,,,,,,,,,,,,,,,,,,,,,,
,,,,,,,,,,,,,,,,,,,,,,,,,,,,,,,,,,
,,,,,,,,,,,,,,,,,,,,,,,,,,,,,,,,,,
,,,,,,,,,,,,,,,,,,,,,,,,,,,,,,,,,,
,,,,,,,,,,,,,,,,,,,,,,,,,,,,,,,,,,
,,,,,,,,,,,,,,,,,,,,,,,,,,,,,,,,,,
,,,,,,,,,,,,,,,,,,,,,,,,,,,,,,,,,,
,,,,,,,,,,,,,,,,,,,,,,,,,,,,,,,,,,
,,,,,,,,,,,,,,,,,,,,,,,,,,,,,,,,,,
,,,,,,,,,,,,,,,,,,,,,,,,,,,,,,,,,,
,,,,,,,,,,,,,,,,,,,,,,,,,,,,,,,,,,
,,,,,,,,,,,,,,,,,,,,,,,,,,,,,,,,,,
,,,,,,,,,,,,,,,,,,,,,,,,,,,,,,,,,,
,,,,,,,,,,,,,,,,,,,,,,,,,,,,,,,,,,
,,,,,,,,,,,,,,,,,,,,,,,,,,,,,,,,,,
,,,,,,,,,,,,,,,,,,,,,,,,,,,,,,,,,,
,,,,,,,,,,,,,,,,,,,,,,,,,,,,,,,,,,
,,,,,,,,,,,,,,,,,,,,,,,,,,,,,,,,,,
,,,,,,,,,,,,,,,,,,,,,,,,,,,,,,,,,,
,,,,,,,,,,,,,,,,,,,,,,,,,,,,,,,,,,
,,,,,,,,,,,,,,,,,,,,,,,,,,,,,,,,,,
,,,,,,,,,,,,,,,,,,,,,,,,,,,,,,,,,,
,,,,,,,,,,,,,,,,,,,,,,,,,,,,,,,,,,
,,,,,,,,,,,,,,,,,,,,,,,,,,,,,,,,,,
,,,,,,,,,,,,,,,,,,,,,,,,,,,,,,,,,,
,,,,,,,,,,,,,,,,,,,,,,,,,,,,,,,,,,
,,,,,,,,,,,,,,,,,,,,,,,,,,,,,,,,,,
,,,,,,,,,,,,,,,,,,,,,,,,,,,,,,,,,,
,,,,,,,,,,,,,,,,,,,,,,,,,,,,,,,,,,
,,,,,,,,,,,,,,,,,,,,,,,,,,,,,,,,,,
,,,,,,,,,,,,,,,,,,,,,,,,,,,,,,,,,,
,,,,,,,,,,,,,,,,,,,,,,,,,,,,,,,,,,
,,,,,,,,,,,,,,,,,,,,,,,,,,,,,,,,,,
,,,,,,,,,,,,,,,,,,,,,,,,,,,,,,,,,,
,,,,,,,,,,,,,,,,,,,,,,,,,,,,,,,,,,
,,,,,,,,,,,,,,,,,,,,,,,,,,,,,,,,,,
,,,,,,,,,,,,,,,,,,,,,,,,,,,,,,,,,,
,,,,,,,,,,,,,,,,,,,,,,,,,,,,,,,,,,
,,,,,,,,,,,,,,,,,,,,,,,,,,,,,,,,,,
,,,,,,,,,,,,,,,,,,,,,,,,,,,,,,,,,,
,,,,,,,,,,,,,,,,,,,,,,,,,,,,,,,,,,
,,,,,,,,,,,,,,,,,,,,,,,,,,,,,,,,,,
,,,,,,,,,,,,,,,,,,,,,,,,,,,,,,,,,,
,,,,,,,,,,,,,,,,,,,,,,,,,,,,,,,,,,
,,,,,,,,,,,,,,,,,,,,,,,,,,,,,,,,,,
,,,,,,,,,,,,,,,,,,,,,,,,,,,,,,,,,,
,,,,,,,,,,,,,,,,,,,,,,,,,,,,,,,,,,
,,,,,,,,,,,,,,,,,,,,,,,,,,,,,,,,,,
,,,,,,,,,,,,,,,,,,,,,,,,,,,,,,,,,,
,,,,,,,,,,,,,,,,,,,,,,,,,,,,,,,,,,
,,,,,,,,,,,,,,,,,,,,,,,,,,,,,,,,,,
,,,,,,,,,,,,,,,,,,,,,,,,,,,,,,,,,,
,,,,,,,,,,,,,,,,,,,,,,,,,,,,,,,,,,
,,,,,,,,,,,,,,,,,,,,,,,,,,,,,,,,,,
,,,,,,,,,,,,,,,,,,,,,,,,,,,,,,,,,,
,,,,,,,,,,,,,,,,,,,,,,,,,,,,,,,,,,
,,,,,,,,,,,,,,,,,,,,,,,,,,,,,,,,,,
,,,,,,,,,,,,,,,,,,,,,,,,,,,,,,,,,,
,,,,,,,,,,,,,,,,,,,,,,,,,,,,,,,,,,
,,,,,,,,,,,,,,,,,,,,,,,,,,,,,,,,,,
,,,,,,,,,,,,,,,,,,,,,,,,,,,,,,,,,,
,,,,,,,,,,,,,,,,,,,,,,,,,,,,,,,,,,
,,,,,,,,,,,,,,,,,,,,,,,,,,,,,,,,,,
,,,,,,,,,,,,,,,,,,,,,,,,,,,,,,,,,,
,,,,,,,,,,,,,,,,,,,,,,,,,,,,,,,,,,
,,,,,,,,,,,,,,,,,,,,,,,,,,,,,,,,,,
,,,,,,,,,,,,,,,,,,,,,,,,,,,,,,,,,,
,,,,,,,,,,,,,,,,,,,,,,,,,,,,,,,,,,
,,,,,,,,,,,,,,,,,,,,,,,,,,,,,,,,,,
,,,,,,,,,,,,,,,,,,,,,,,,,,,,,,,,,,
,,,,,,,,,,,,,,,,,,,,,,,,,,,,,,,,,,
,,,,,,,,,,,,,,,,,,,,,,,,,,,,,,,,,,
,,,,,,,,,,,,,,,,,,,,,,,,,,,,,,,,,,
,,,,,,,,,,,,,,,,,,,,,,,,,,,,,,,,,,
,,,,,,,,,,,,,,,,,,,,,,,,,,,,,,,,,,
,,,,,,,,,,,,,,,,,,,,,,,,,,,,,,,,,,
,,,,,,,,,,,,,,,,,,,,,,,,,,,,,,,,,,
,,,,,,,,,,,,,,,,,,,,,,,,,,,,,,,,,,
,,,,,,,,,,,,,,,,,,,,,,,,,,,,,,,,,,
,,,,,,,,,,,,,,,,,,,,,,,,,,,,,,,,,,
,,,,,,,,,,,,,,,,,,,,,,,,,,,,,,,,,,
,,,,,,,,,,,,,,,,,,,,,,,,,,,,,,,,,,
,,,,,,,,,,,,,,,,,,,,,,,,,,,,,,,,,,
,,,,,,,,,,,,,,,,,,,,,,,,,,,,,,,,,,
,,,,,,,,,,,,,,,,,,,,,,,,,,,,,,,,,,
,,,,,,,,,,,,,,,,,,,,,,,,,,,,,,,,,,
,,,,,,,,,,,,,,,,,,,,,,,,,,,,,,,,,,
,,,,,,,,,,,,,,,,,,,,,,,,,,,,,,,,,,
,,,,,,,,,,,,,,,,,,,,,,,,,,,,,,,,,,
,,,,,,,,,,,,,,,,,,,,,,,,,,,,,,,,,,
,,,,,,,,,,,,,,,,,,,,,,,,,,,,,,,,,,
,,,,,,,,,,,,,,,,,,,,,,,,,,,,,,,,,,
,,,,,,,,,,,,,,,,,,,,,,,,,,,,,,,,,,
,,,,,,,,,,,,,,,,,,,,,,,,,,,,,,,,,,
,,,,,,,,,,,,,,,,,,,,,,,,,,,,,,,,,,
,,,,,,,,,,,,,,,,,,,,,,,,,,,,,,,,,,
,,,,,,,,,,,,,,,,,,,,,,,,,,,,,,,,,,
,,,,,,,,,,,,,,,,,,,,,,,,,,,,,,,,,,
,,,,,,,,,,,,,,,,,,,,,,,,,,,,,,,,,,
,,,,,,,,,,,,,,,,,,,,,,,,,,,,,,,,,,
